"","lodindex","lodcolumn","chr","pos","lod","ci_lo","ci_hi","MARKER","flank_lo","flank_hi","QTL"
"1",2,"biomass_log","2",22.374,4.86899467049433,0.358,28.843,"Bd2.6875297","Bd2.3303047","BD2.8429335","2@22.4"
"2",2,"biomass_log","4",184,5.54811375798532,179.552,187.743,"c4.loc184","Bd4.46692908","Bd4.47307950","4@184"
"3",3,"leaf_mass","2",18,7.34560441992227,4.674,26.526,"c2.loc18","BD2.4615714","BD2.7664801","2@18"
"4",6,"seed_mass_log","4",184,5.03255297693818,160.054,187.743,"c4.loc184","BD4.44861337","Bd4.47307950","4@184"
"5",7,"stem_mass","2",10,5.6159024391253,0.358,21.57,"c2.loc10","Bd2.3303047","Bd2.6810703","2@10"
"6",8,"stem_mass_log","2",22.374,5.00740300989812,0.358,28.178,"Bd2.6875297","Bd2.3303047","BD2.8185774","2@22.4"
"7",8,"stem_mass_log","4",184,4.41993744651534,173.782,187.743,"c4.loc184","BD4.46475012","Bd4.47307950","4@184"
"8",10,"ht_flower","2",1.659,4.72763123229179,0,26.526,"BD2.4266789","BD2.3266773","BD2.7664801","2@1.7"
"9",15,"CN","4",184.451,5.21654941937125,181.639,194.132,"Bd4.47058726","BD4.46840092","BD4.47765887","4@184.5"
